left_out_pattern,pattern_freq,pattern_unique_matches,pct_deep,evidence_pct_A,evidence_pct_B,evidence_pct_C,evidence_n_C,monotonic,chi2,cramers_v,binary_or,binary_or_ci_low,binary_or_ci_high,delta_binary_or_pct
\bwhat if\b,114,113,2.1,7.3,26.0,35.4,308,True,776.51,0.225,4.807,4.258,5.426,4.66
\bconvince\b,29,29,2.5,7.4,26.1,28.9,353,True,694.68,0.212,4.533,4.017,5.115,-1.31
"\bwhat.{0,20}mean\b.*\bby\b",57,57,2.4,7.4,26.1,30.2,324,True,700.82,0.213,4.567,4.045,5.155,-0.57
\bprove\b,63,63,2.3,7.4,26.0,31.0,339,True,717.77,0.216,4.617,4.091,5.21,0.52
\bis there another way\b,7,7,2.6,7.4,26.0,30.2,367,True,719.97,0.216,4.615,4.091,5.206,0.48
\bjustify\b,8,8,2.6,7.4,26.0,30.0,370,True,717.06,0.216,4.604,4.081,5.193,0.24
\bhow does that relate\b,6,6,2.6,7.4,26.0,29.7,370,True,711.95,0.215,4.586,4.066,5.174,-0.15
\bwhat would happen\b,9,9,2.6,7.4,26.0,30.1,366,True,715.05,0.216,4.597,4.075,5.187,0.09
\bwhy\b(?!.*\bnot\b),75,64,2.3,7.4,26.0,30.8,331,True,709.22,0.215,4.591,4.067,5.181,-0.04
\bwhat tells you\b,0,0,2.6,7.4,26.0,29.8,373,True,714.2,0.215,4.593,4.071,5.181,0.0
\bwhy\b.*\b(think|work|true|right|correct|happen|say|choose|pick)\b,10,1,2.6,7.4,26.0,29.8,373,True,714.2,0.215,4.593,4.071,5.181,0.0
\bwhat makes you\b,0,0,2.6,7.4,26.0,29.8,373,True,714.2,0.215,4.593,4.071,5.181,0.0
\bhow can you tell\b,9,8,2.6,7.4,26.0,30.0,367,True,714.79,0.216,4.593,4.071,5.181,0.0
\bhow do you know\b,75,74,2.3,7.4,27.6,22.6,318,False,716.78,0.216,4.593,4.071,5.181,0.0
\bdoes that work\b,6,6,2.6,7.4,26.1,29.5,369,True,713.48,0.215,4.593,4.071,5.181,0.0
\bdoes that make sense\b,1,1,2.6,7.4,26.0,29.8,373,True,714.2,0.215,4.593,4.071,5.181,0.0
\bexplain\b.*\b(thinking|reasoning|why|how)\b,94,91,2.2,7.4,26.6,27.7,303,True,709.82,0.215,4.593,4.071,5.181,0.0
\bhow does that connect\b,0,0,2.6,7.4,26.0,29.8,373,True,714.2,0.215,4.593,4.071,5.181,0.0
\bwhy do you agree\b,0,0,2.6,7.4,26.0,29.8,373,True,714.2,0.215,4.593,4.071,5.181,0.0
\bdo you agree\b.*\bwhy\b,0,0,2.6,7.4,26.0,29.8,373,True,714.2,0.215,4.593,4.071,5.181,0.0
\bcould you do it differently\b,0,0,2.6,7.4,26.0,29.8,373,True,714.2,0.215,4.593,4.071,5.181,0.0
\btell me more about\b.*\bthinking\b,0,0,2.6,7.4,26.0,29.8,373,True,714.2,0.215,4.593,4.071,5.181,0.0
